Tienda,Modelo,Precio
coppel,AT&T/Unefon Xiaomi Mi 11 Lite 128 GB Negro,"$10,299"
coppel,Xiaomi Mi 11 Ultra 512gb - 12gb Desbloqueado Dual Blancoreacondicionado,"$29,999"
coppel,Xiaomi Mi 11 Ultra 256gb - 12gb Desbloqueado Dual Negroreacondicionado,"$23,332"
coppel,Xiaomi Mi 11 Ultra 256gb - 12gb Desbloqueado Dual Blancoreacondicionado,"$23,332"
coppel,Celular Xiaomi Mi 11 Ultra Dual Sim 12gb Ram Blanco Reacondicionado,"$44,349"
coppel,Teléfono Celular Xiaomi Mi 11 Ultra Dual Sim 12GB RAM 256GB Rom Blanco Reacondicionado,"$43,075"
coppel,Celular Xiaomi Mi 11 Ultra Dual Sim 12gb Ram 512gb Rom color Blanco Reacondicionado,"$41,867"
Mercado Libre,Xiaomi Mi 11T Dual SIM 128 GB meteorite gray 8 GB RAM,"$6,912"
Mercado Libre,Xiaomi Mi 11 Ultra Dual SIM 256 GB blanco cerámico 12 GB RAM,"$14,747"
Mercado Libre,Xiaomi Mi 11 Ultra Dual SIM 512 GB blanco cerámico 12 GB RAM,"$16,774"
Mercado Libre,Xiaomi Mi 11T Dual SIM 256 GB moonlight white 8 GB RAM,"$9,299"
Mercado Libre,Celular Xiaomi Mi 11 Ultra Sim Doble 512 Gb Blanco 12 Gb Ram,"$18,434"
Mercado Libre,Xiaomi Mi 11t Dual Sim 256 Gb Azul Celestial 8 Gb Ram,"$12,999"
Mercado Libre,Xiaomi Mi 11 Ultra Dual Sim 256 Gb Negro Cerámico 12 Gb Ram,"$19,498"
Mercado Libre," Xiaomi Mi 11 Ultra , Dual Sim ,5g, Desbloqueado ,12/512gbs","$25,539"
Mercado Libre,Celular Xiaomi Mi 11 Ultra Sim Doble 256 Gb Blanco 12 Gb Ram,"$18,434"
Mercado Libre,"Celular Xiaomi Mi 11 Ultra De 512gb, 12gb, Blanco Cerámica","$18,434"
Mercado Libre,Xiaomi Mi 11t Dual Sim 256 Gb Meteorite Gray 8 Gb Ram,"$8,000"
Mercado Libre,Xiaomi Mi 11t,"$5,500"
Mercado Libre,Xiaomi Mi 11t Dual Sim 256 Gb Gris Meteorito 8 Gb Ram,"$7,999"
Mercado Libre,Xiaomi Mi 11 Ultra Dual Sim 512 Gb Varios Colores 12 Gb Ram,"$43,999"
Mercado Libre,Xiaomi Mi 11t Dual Sim 256 Gb Blanco Medianoche 8 Gb Ram,"$9,600"
Mercado Libre,Xiaomi Mi 11t Dual Sim 128 Gb Moonlight White 8 Gb Ram,"$6,798"
Mercado Libre,Xiaomi Mi 11t 256 Gb,"$7,500"
Mercado Libre,Xiaomi Mi 11t De 256 Gb Celestial Blue 8 Gb Ram Telcel,"$8,500"
Mercado Libre,Xiaomi Mi 11t,"$6,500"
Mercado Libre,Xiaomi Mi 11 Ultra (nuevo) ,"$14,700"
Mercado Libre,Xiaomi Mi 11t,"$5,150"
Mercado Libre,Xiaomi Mi 11t 5g Dual Sim Versión 256 Gb Impecable ,"$7,300"
Mercado Libre,Xiaomi Mi 11t Dual Sim 256 Gb Meteorite Gray 8 Gb Ram,"$7,000"
ebay,Xiaomi Mi 11 Lite 5G 64 GB 128 GB 256 GB colores mixtos muy buen estado,MXN $2 794.68
ebay,"ROM Global Xiaomi Mi 11 Ultra 5G Snapdragon 888 12 GB + 512 GB 6.81"" 2K AMOLED Blanco",MXN $19 998.56
ebay,Xiaomi Mi 11 Ultra - 512Gb/12Gb - Pantalla de vidrio agrietado - De lo contrario funciona bien,MXN $6 449.26
ebay,"Teléfono inteligente Xiaomi Mi 11 Ultra 5G Snapdragon 888 5000mAh 6.81"" versión IP68 CN",MXN $12 634.47 a MXN $17 056.53
ebay,Xiaomi Mi 11 Ultra - 256 GB - Blanco Cerámico (Desbloqueado) (Doble SIM),MXN $11 178.51
ebay,"Xiaomi Mi 11 Ultra 5G 6.81"" 12/256GB 50MP Snapdragon 888 IP68 5000mAh ByFedEx",MXN $14 001.16 a MXN $14 001.88
ebay,Xiaomi Mi 11 Ultra Global Rom 512 GB 256 GB Snapdragon 888 ocho núcleos 50 MP IP68 NFC,MXN $14 000.92 a MXN $17 083.45
ebay,Xiaomi Mi 11T Pro 5G Gris Meteorito 256 GB 8 GB RAM (Desbloqueado) Doble Sim LEER DESC✅,MXN $5 374.39
ebay,"Smartphone Xiaomi Mi 11 Ultra 5G 6.81"" MIUI 13 ocho núcleos 12+512 GB desbloqueo global",MXN $14 841.12
ebay,Xiaomi Mi 11 Lite 5G - 128Go - Noir Truffe (Déverrouillé) (Dual SIM),MXN $6 676.68
ebay,Xiaomi Mi 11 Ultra 5G 512GB / 12GB + 3GB RAM cerámica blanca doble SIM,MXN $17 528.78
ebay,"Xiaomi Mi 11 Ultra 5G 6.81"" 256 GB 512 GB 50 MP Snapdragon888 IP68 5000mAh CN ENVÍO",MXN $13 350.84 a MXN $18 025.59
ebay,Anuncio nuevoXiaomi Mi 11 Ultra - 256 GB - Ceramic Black (sin bloqueo de SIM) (Dual SIM),MXN $5 856.41
ebay,Teléfonos inteligentes Xiaomi Mi 11 Ultra 5G Snapdragon 888 desbloqueado versión IP68 CN,MXN $13 536.93 a MXN $15 341.85
ebay,Xiaomi Mi 11 Ultra 5G 256 GB / 12 GB RAM Cerámica Blanca + Banco de Alimentación + Carga Inalámbrica,MXN $12 018.03
ebay,Xiaomi Mi 11 Lite 5G 8 GB + 256 GB Snapdragon 780G 64 MP Desbloqueado Versión Global Negro,MXN $8 573.39
ebay,Teléfono Global ROM Xiaomi Mi 11 Ultra 5G IP68 256 GB/512 GB Snapdragon 888 NFC 50 MP,MXN $14 069.28 a MXN $17 771.16
ebay,"""Cámara Xiaomi Mi 11 Ultra 5G 12 GB/512 GB 6,81"" Snapdragon 888 50 MP - ROM Global!",MXN $25 809.51 a MXN $28 877.88
ebay,"Global ROM 6,81"" Xiaomi Mi 11 Ultra 5G IP68 NFC 512 GB 256 GB Snapdragon 888 50 MP",MXN $13 896.08 a MXN $17 954.17
ebay,Anuncio nuevoXiaomi Mi 11 Ultra 256gb 5g Ceramic White in ottime condizioni,MXN $13 830.27
ebay,Xiaomi Mi 11 Lite 5G 128 GB 6 GB RAM Snapdragon780G 64 MP Desbloqueado Versión Global,MXN $4 494.26
ebay,"Xiaomi Mi 11 Ultra 5G Nero- Condizioni Perfette, Perfettamente funzionante",MXN $5 989.94
ebay,"Xiaomi Mi 11 Ultra 5G 6.81"" 12/512 GB 50 MP Snapdragon888 IP68 5000mAh CN FENVÍO",MXN $15 246.19
ebay,Xiaomi Mi 11 Ultra Dual SIM 256 GB cerámica blanca,MXN $10 778.08
ebay,"Xiaomi Mi 11 Ultra 5G 6.81"" 8/256GB 50MP Snapdragon888 IP68 5000mAh CN FENVÍO",MXN $13 351.02
ebay,Xiaomi Mi 11 Ultra 256 GB 8 (+3) GB,MXN $9 538.12
ebay,Xiaomi Mi 11 Ultra - 512 GB - Blanco Cerámico (Desbloqueado) (Doble SIM) y Caja,MXN $13 973.40
ebay,Smartphone Xiaomi Mi 11T 5G 8GB 128GB Doble SIM Android - Gris,MXN $10 318.61
ebay,Teléfonos inteligentes Xiaomi Mi 11 Ultra 5G Snapdragon 888 5000mAh versión IP68 CN,MXN $13 536.93
ebay,Xiaomi Mi 11 Lite 5G 8 GB + 128 GB Snapdragon 780G 64 MP Desbloqueado Versión Global Negro,MXN $8 031.91
ebay,Anuncio nuevoXiaomi Mi 11 Ultra,MXN $8 527.08
ebay,Xiaomi Mi 11 Ultra - 256 GB - Blanco Cerámico (Desbloqueado) (Doble SIM),MXN $9 781.38
ebay,Xiaomi Mi 11 Ultra 256 rom 12 gb ram,MXN $13 353.37
ebay,"Xiaomi Mi 11X Pro 128 GB 8 GB Plateado Celestial (Desbloqueado) Doble SIM, Snapdragon 888",MXN $5 589.15
ebay,"Anuncio nuevoGlobal ROM 6,81"" Xiaomi Mi 11 Ultra 5G IP68 NFC 512 GB 256 GB Snapdragon 888 50 MP",MXN $23 869.01
ebay,Xiaomi Mi 11 Ultra Cracked Glass Pantalla,MXN $5 374.39
ebay,Xiaomi Mi 11 Ultra - 256GB - Cerámica Blanca+ 67w Chrgr + Google Pay Trabajando,MXN $15 048.28
ebay,Xiaomi Mi 11 Ultra - 256 GB - blanco cerámica **excelente estado**,MXN $13 334.29
ebay,"¡ROM global Xiaomi Mi 11 Ultra 5G Snapdragon 888 12 GB + 256 GB 6.81"" 2K AMOLED!",MXN $19 818.06
ebay,Xiaomi Mi 11 5G - 8GB RAM - 256GB - Gris medianoche (Tres) (Doble SIM),MXN $2 364.73
ebay, Xiaomi Mi 11 Ultra 5G Snapdragon 888 12 GB + 512 GB 50 MP 5000mAh 67W carga rápida,MXN $15 821.78 a MXN $19 989.17
ebay,Xiaomi Mi 11 Ultra - 256 GB - Negro Cerámico (Desbloqueado) (Doble SIM) necesita reparación,MXN $5 159.41
ebay,Xiaomi Mi 11 Ultra,MXN $2 785.13
ebay,"Xiaomi Mi 11 Ultra - 256 GB - Negro Cerámica Doble SIM Global Rom ""DEFECTUOSO""",MXN $9 347.36
ebay,Original Xiaomi Mi 11 Ultra 5G Snapdragon 888 Octa Core 256GB 512GB 50MP 5000mAh,MXN $15 472.89 a MXN $20 011.55
ebay,"Xiaomi Mi 11 Ultra 5G 6.81"" 12/512 GB 50 MP Snapdragon 888 IP68 5000mAh por FedEx",MXN $17 321.65
ebay,"Teléfono inteligente Xiaomi Mi 11 Pro 5G Snapdragon 888 5000mAh 6.81"" versión IP68 CN",MXN $17 958.99 a MXN $20 937.12
ebay,NUEVO EN CAJA Xiaomi Mi 11 Ultra Dual-SIM 512 GB + 12 GB Blanco Desbloqueado de Fábrica 5G Sin SIM,MXN $26 119.52
ebay,"Teléfono Xiaomi Mi 11 Pro 6.81"" 5G 128GB 256GB 50MP Snapdragon 888 5000mAh CN ENVÍO",MXN $16 391.24 a MXN $18 015.67
ebay,"Xiaomi Mi 11 Ultra 5G 6.81"" 12/256GB 50MP Snapdragon 888 IP68 5000mAh por FedEx",MXN $16 091.13
ebay,Xiaomi Mi 11T Pro 5G 108MP 12GB 256GB NFC Desbloqueado Azul Versión Global,MXN $10 753.74
ebay,"Xiaomi Mi 11 Ultra 5G VERSIÓN GLOBAL 6.81"" 12/256 GB 50 MP Snapdragon 888 por FedEx",MXN $55 855.14
ebay,NUEVO EN CAJA Xiaomi Mi 11 Ultra Doble SIM 512 GB + 12 GB Negro Desbloqueado de Fábrica 5G FABRICANTE DE EQUIPOS ORIGINALES,MXN $26 567.55
ebay,"Xiaomi Mi 11 Ultra 5G 6,81"" 12/512 GB negro Snapdragon 888 IP68 5000mAh envío a EE. UU.",MXN $20 675.76
ebay,NUEVO EN CAJA Xiaomi Mi 11 Ultra Dual-SIM 512 GB + 12 GB Negro Desbloqueado de Fábrica 5G GSM,MXN $29 691.00
ebay,"ROM Global Xiaomi Mi 11 Ultra 5G Snapdragon 888 12 GB + 512 GB 6.81"" 2K AMOLED Blanco",MXN $19 096.09
ebay,"Xiaomi Mi 11 Ultra 5G 6,81"" 12/512 GB 50 MP Snapdragon 888 IP68 5000mAh envío a EE. UU.",MXN $20 668.54
ebay,NUEVO EN CAJA Xiaomi Mi 11i Doble SIM 256 GB ROM + 8 GB RAM Negro Desbloqueado de Fábrica 5G GSM,MXN $17 489.71
ebay,"**GANGA** ROM Xiaomi Mi 11 5G 8 GB, 128 GB",MXN $14 510.84
ebay,Anuncio nuevoXiaomi Mi 11 Lite 5G - 128Go - Vert Menthe - Coque + Verre Trempé - PARFAIT ETAT,MXN $5 703.80
